{"accuracy": 0.9994333333333333, "precision": 1.0, "recall": 0.746268656716418, "f1_score": 0.8547008547008547}